{
  "project_info": {
    "project_number": "71970380516",
    "project_id": "dashboard-fe5ed",
    "storage_bucket": "dashboard-fe5ed.appspot.com"
  },
  "client": [
    {
      "client_info": {
        "mobilesdk_app_id": "1:71970380516:android:897d675165a71933a12af1",
        "android_client_info": {
          "package_name": "com.ifa.tugas_besar_progmob"
        }
      },
      "oauth_client": [
        {
          "client_id": "71970380516-9a1hdaau9foilvknvlnqftgrlv2lk5nn.apps.googleusercontent.com",
          "client_type": 1,
          "android_info": {
            "package_name": "com.ifa.tugas_besar_progmob",
            "certificate_hash": "f5a6afb6a1ec15ada637d8883ff370e5c3945f49"
          }
        },
        {
          "client_id": "71970380516-c6ogvbubeg61eambb6aiajno6u8luf54.apps.googleusercontent.com",
          "client_type": 3
        }
      ],
      "api_key": [
        {
          "current_key": "AIzaSyCMlaMDzLWUwBbkR52mQLerWHPxlfrFPn4"
        }
      ],
      "services": {
        "appinvite_service": {
          "other_platform_oauth_client": [
            {
              "client_id": "71970380516-c6ogvbubeg61eambb6aiajno6u8luf54.apps.googleusercontent.com",
              "client_type": 3
            }
          ]
        }
      }
    }
  ],
  "configuration_version": "1"
}